院校名称,层次标签,所在城市,特色方向,推荐适合人群,深度调研结论,官方招生网入口,风险提示
"东北大学","985 / 211,985/211,安全工程,资源与土木工程学院,粉尘爆炸,安全科学与工程","辽宁省沈阳市","安全科学与工程学科具有悠久历史，是国内安全科学与工程学科发源地之一，依托资源与土木工程学院开设安全工程专业，特色在于粉尘与气体爆炸理论及防治、矿山安全、火灾动力学等领域。","关注矿山安全、粉尘爆炸、火灾防治等安全领域的学生
希望从事职业安全、应急管理、安全评价的考生
对东北地区工业安全需求感兴趣的理工科生","东北大学与弹药工程与爆炸技术、兵器科学与技术等专业无直接本科关联，仅通过资源与土木工程学院的安全工程专业（代码082901）存在间接交叉点，该专业核心特色包括粉尘与气体爆炸理论及防治、矿山安全高效开采、火灾动力学等领域，符合安全科学与工程学科方向。学校为985/211，在辽宁省沈阳市，安全科学与工程为国内最早设立之一的学科，研究生授权点全面。就业信号显示毕业生主要去向为国有企业及相关行业，落实率约88-92%。报考风险主要在于专业名称变化、招生省份限制及就业数据不够细致，建议结合各省招生目录与最新就业报告核实。总体关联度中等，适合关注工业安全、应急管理领域的考生。","https://www.neu.edu.cn/","安全工程专业属于工学门类，招生省份及分数线需按各省招生目录核对
本科招生专业名称可能随学院调整或目录更新而变化
就业去向以国企、矿山相关企业为主，具体数据待最新就业报告核实
未明确开设弹药工程与爆炸技术本科专业，相关方向以研究生为主"
"中南大学","985 / 211,双一流,985,211,材料科学,安全工程","湖南长沙","材料科学与工程、资源与安全工程为主的工科强势学科","理工科成绩优秀、热爱材料与安全领域的本科生
关注爆炸技术与工程应用、矿业安全方向的学生
希望通过材料科学与工程或安全工程专业就业或深造的学生","中南大学为985/211工程高校，位于湖南长沙，拥有材料科学与工程学院（含材料科学与工程专业）与资源与安全工程学院（含安全工程专业）。学校与弹药工程与爆炸技术、兵器科学与技术、爆炸力学、含能材料、爆破工程、安全工程等领域有间接关联，主要通过材料科学与工程的含能材料研究及资源与安全工程的安全科学与工程平台体现，但弹药工程与爆炸技术本科专业未在官网或招生目录中明确开设。就业与升学方向以安全技术、材料研发、矿业工程为主。报考风险包括专业名称变化、招生省份限制及分数线需省内核对，建议优先查看中南大学招生网与各学院官网最新信息。","https://www.csu.edu.cn/","弹药工程与爆炸技术专业未在官网或招生目录中开设，建议查看各省招生计划
专业名称可能随学院调整，需核对最新专业目录
招生省份限制与分数线因省份不同，需以中南大学招生网为准
就业数据多为学院汇总，非具体专业细化，建议参考就业报告"
"中国人民解放军海军工程大学","普通本科,军事院校,海军重点,武器系统,普通本科","湖北武汉","海军舰船武器装备技术与发射系统，涉及武器发射工程等方向","对海军装备与武器系统有兴趣的学生
追求指技结合的理工科人才
愿意从事军队工程保障工作的考生","中国人民解放军海军工程大学为海军重点建设院校，校本部位于湖北省武汉市，普通本科层次。学校设有武器发射工程等专业，支撑兵器科学与技术学科，培养舰船武器系统与发射方向的专业技术军官。该专业与弹药工程与爆炸技术、兵器科学与技术、爆炸力学等方向存在关联，但非独立独立专业，属于海军装备技术范畴。报考需关注官方招生简章，政治考核与省份限制严格，就业主要面向军队舰船武器保障岗位。","https://www.nue.edu.cn/","专业为军事招生院校，招生省份与政治考核限制严格
具体招生专业及分数线以官方简章为准
非民办或地方本科，培养目标为军队军官"
"中国人民解放军火箭军工程大学","211,军事院校,双一流,核技术,兵器科学","陕西西安","导弹武器运用工程为核心，以核科学与技术、兵器科学与技术等学科培养战略导弹部队指挥技术人才","对导弹武器技术有浓厚兴趣的考生
国防科技强国理念坚定者
适合从事军工科技研发的理工科学生","中国人民解放军火箭军工程大学是火箭军多兵种专业类高等教育院校，隶属中国人民解放军火箭军，位于陕西西安市，属军队2110工程重点建设院校。该校围绕战略导弹武器作战使用与管理维护指挥技术人才培养，以核科学与技术、兵器科学与技术、控制科学与工程等5个一级学科博士点为龙头，辐射防护与核安全、武器发射工程等15个生长军官本科专业为主体。现有工学、军事学、管理学3大学科门类，2个国家重点学科。学校培养目标为战略导弹部队骨干军官和未来领导者，毕业生主要去向为军队部队，100%入伍率相关公开信号显示职业发展空间强。专业与弹药工程与爆炸技术、兵器科学与技术、核技术与安全等方向存在高度关联（武器发射工程、核技术与安全等专业含炸药理论、辐射防护等内容）。报考需关注招生省份限制、分数线及专业名称变化，待核对最新目录。","https://www.epgc.mil.cn/","本科招生专业有限，需核对2026年具体目录
录取分数线及招生省份限制待最新核对
专业设置可能随年度调整
就业主要限于军队部队"
"中国人民解放军空军工程大学","普通本科,军事院校,空军,西安,装备管理","陕西西安","空军航空工程、防空反导、装备管理与无人机、智能指挥等领域复合型军事人才培养","热爱军事科技、愿献身国防的青年
对工程装备、指挥规划感兴趣的考生
接受军事化生活与严格纪律的学员","中国人民解放军空军工程大学是空军专业技术最高学府，位于西安市，属于全军重点建设院校。学校开设装备管理与无人机工程学院，涵盖装备管理科学、装备安全工程等相关领域，与弹药工程与爆炸技术、兵器科学与技术、含能材料、安全工程等方向存在学术与研究关联，但未明确开设独立本科专业。学科评估中兵器科学与技术进入前10位，航空宇航科学与技术前10位。招生为军事类，限特定省份，适合有国防情怀和工程兴趣的考生。就业主要在空军部队，数据公开有限。总体可信度较高，但需关注专业名称变化与当年招生政策。风险包括报考省份限制与就业去向保密。","https://www.afeu.edu.cn/","招生仅限特定省份与体检标准
专业名称与招生计划每年可能调整
分数线与计划需按当年省份招生网核对
就业与发展主要服务空军部队"
"中国人民解放军陆军工程大学","普通本科,军事院校,兵器学科,爆炸技术,弹药工程","江苏南京","培养陆军武器系统、弹药工程、爆破与作战工程人才","对军事工程感兴趣的考生
想从事武器系统与弹药领域技术/指挥工作的学生
认可军队军旅生活与使命感的学员
关注爆炸力学与安全工程应用的感兴趣群体","中国人民解放军陆军工程大学与弹药工程与爆炸技术专业关联紧密，隶属于兵器科学技术学科群及作战工程保障学科群。该校是陆军综合性工程大学，本部位于江苏南京，培养方向聚焦武器系统、弹药论证设计、技术保障、爆破作战等，属普通本科性质，招生主要面向考生和军人学员，适合对军事工程与技术感兴趣的学生。就业以军队内部岗位为主，公开信号包括学科群专业介绍与招生专栏。报考风险包括专业可能年度调整、招生省份限制及具体分数线需按省份核对，数据不够细。来源均来自学校官网及公开招考目录。","https://www.aeu.edu.cn/","招生主要面向普通高中毕业生及军人考生
具体招生省份及专业以当年招生简章为准
专业名称可能随年度调整，需核对最新目录
就业去向以军队内部岗位为主，数据不够公开细化"
"中国人民解放军陆军炮兵防空兵学院","普通本科,军校,炮兵防空,工学本科,兵器科学","安徽合肥","军事炮兵防空指挥与弹药技术融合培养","军事院校热爱者
工科本科专业考生
需基层指挥与技术结合的学员","中国人民解放军陆军炮兵防空兵学院是军队炮兵防空专业人才培养基地，专业设有弹药工程与爆炸技术（防空导弹技术与指挥方向），涵盖军事指挥与技术融合培养。2017年组建，现隶属2025年新设陆军兵种大学（合肥本部）。属于普通本科军校，面向普通高中生招生。弹药专业与兵器科学、爆炸力学、含能材料、安全工程等直接关联，适合军事工程背景考生。招生为军地联考，专业名称稳定但无最新目录，招生数量与分数线待具体省份核对，就业主要指向部队岗位。风险包括院校调整与招生限制。","待核对","招生需军地政审
无具体招生人数来源
专业方向可能随院校调整变化"
"中国人民解放军陆军装甲兵学院","211,军事院校,装甲兵,陆战之王,本科教育,研究生教育","北京市北京","培养装甲兵指挥、参谋、技术保障军官与士官，重点工科+军事学综合学科体系","热爱陆军装甲兵装备与战术的理工科学生
志在国防事业、军事指挥与工程技术结合的考生
注重实战化训练与综合素质培养的高中生
希望在军队发展、从事武器装备与作战保障的青年","中国人民解放军陆军装甲兵学院作为全军装甲兵人才培养基地，与弹药工程与爆炸技术专业高度关联（依托兵器科学与技术一级学科，支持弹药设计、爆炸力学、含能材料等方向培养）。学校为普通本科军事院校，院本部北京，招生面向全国部分省份。就业主要限于陆军合成部队，专业特色鲜明但数据不公开细化。报考时需注意招生省份限制与计划更新，待复查2025年后招生简章。","http://www.81.cn/jx_208569/10054500.html","专业设置与招生计划每年更新，需查最新计划
招生面向全国部分省份，具体限额按省核对
军事院校招考强调政审、体检与政治考核
就业主要在陆军合成部队，数据不公开细化"
"中国劳动关系学院","普通本科,双一流,安全工程,普通本科,工会相关","北京北京","劳动安全与安全工程相关人才培养","对劳动安全、工会工作感兴趣的学生
想从事安全管理或应急技术的人才
接受普通本科培养的考生
偏好工会体系发展机会的学生","中国劳动关系学院关联弹药工程与爆炸技术、兵器科学与技术等方向程度低，主要侧重劳动安全与安全工程培养，未见相关专业设置。学校为普通本科，位于北京，由全国总工会共建。安全工程专业（国家级一流本科建设点）开设于安全工程学院，具有工业安全与劳动安全一体化特色，培养方向包括安全管理、安全技术与应急管理。招生在全国31个省份，规模约1550人。就业信号显示企业为主，升学占比较高。报考风险包括专业可能调整、招生省份限制与分数线需省核对，就业数据较粗。","https://www.culr.edu.cn/","专业名称可能随学院调整
招生省份限制待核对
分数线需按省份具体查询
就业数据不够细致"
"中国地质大学（武汉）","211,双一流,211,地质特色,安全工程,工程学院","湖北省武汉","以地质资源与地质工程学科为核心的工科专业培养","对地质资源开发、工程地质和安全防灾感兴趣的理工科学生
追求地学与工程交叉应用的本科生
希望通过安全工程或地质工程方向服务国家资源与安全领域的学生","中国地质大学（武汉）为教育部直属211高校，核心优势学科为地质资源与地质工程和地质学，地处武汉。工程学院开设安全工程本科专业（代码082901），培养方向聚焦安全科学与工程，适合关注工程地质、资源开发与安全防灾的学生，但未开设弹药工程与爆炸技术、兵器科学与技术或含能材料等专业，因此与该专业方向关联程度较低。学校层级为211，招生目录明确包含该专业但无公开具体计划或就业细化数据。报考风险包括专业不匹配、招生省份限制以及需按省份核对分数线。可靠来源为学校官网本科专业设置页及工程学院官网。","https://www.cug.edu.cn/","弹药工程与爆炸技术专业非本校开设专业
本科专业招生省份限制与分数线需按省份核对
招生计划具体数字待最新官方目录确认
就业数据主要为综合性指标，具体去向需核对"
"中国消防救援学院","普通本科,应急管理,消防救援,应急管理部直属,普通本科","北京北京","消防救援实战应用，培养消防工程、火灾勘查等专业人才","对消防安全、应急救援有浓厚兴趣的考生
希望从事消防或应急管理职业的理工科考生
追求体制内稳定就业的考生
关注实战技能与理论结合的考生","中国消防救援学院隶属应急管理部直属，专业方向以消防工程、火灾勘查、应急装备技术与工程为主，聚焦实战应用。学生可关注该校相关消防安全、救援指挥与应急管理方向，但弹药工程与爆炸技术等专业未在官方资料中明确列出。学校为普通本科层次，招生主要面向消防相关专业，培养目标与国家消防救援队伍需求高度匹配。就业以消防队伍录用为主，体制内优势明显。","https://www.cfri.edu.cn/","专业名称可能随改革调整
招生省份限制明显
分数线需按具体省份核对
就业数据主要体现为消防队伍录用
部分专业对选考科目有要求"
"中国石油大学（华东）","211,211,双一流,青岛,安全工程,油气安全","山东青岛","油气化工安全和安全工程近相关。","关注油气化工安全、安全评价和应急处置的学生。
希望比较能源行业背景安全工程院校的学生。","中国石油大学（华东）不属于弹药工程直接对应院校，但安全工程专业与油气、化工安全管理、安全评价和应急处置近相关。后续可作为能源行业安全工程候选人工确认，不能写成弹药工程本科招生。","https://www.upc.edu.cn/","未确认开设弹药工程与爆炸技术本科专业。
课程或学科方向不能替代本科弹药专业证据。
分省计划、招生人数、录取分数和就业去向均需待核对。"
"中国矿业大学","211,211,双一流,徐州,安全工程,矿业安全","江苏徐州","安全工程、矿业安全和工程力学方向相关。","关注安全工程、矿山安全、工程力学和爆破安全的学生。
希望把安全类专业与矿业工程场景一起比较的学生。","中国矿业大学与安全工程、矿业安全、工程力学和爆破安全场景关联较明确，适合关注安全与矿业工程方向的学生。本条不把研究方向写成本科弹药专业，分省计划、录取数据和就业去向仍需回到本科招生网和官方报告核对。","https://www.cumt.edu.cn/","爆破、爆炸力学多为工程和研究方向线索，不等于本科弹药专业。
分省计划、录取分数、专业组和选科要求需以招生网为准。
就业率和行业去向未逐项核验前只作待核对。"
"中国矿业大学（北京）","211,211,双一流,北京,安全工程,应急管理","北京北京","安全工程、矿业安全和应急方向相关。","关注安全工程、矿山安全、应急管理和工程安全的学生。
希望在北京对比安全类和矿业类院校资源的学生。","中国矿业大学（北京）与安全工程、矿业安全、应急管理和工程安全场景关联较明确。本条只把爆破、爆炸力学等内容作为进一步核对线索，不写成本科弹药专业。报考时需按招生网核对专业、计划、分数和就业报告。","https://www.cumtb.edu.cn/","爆破和爆炸方向多为工程或研究线索，不能替代本科招生证据。
分省招生计划、录取分数和选科要求需以当年招生入口为准。
就业率、就业单位和升学去向未逐项核验前不要当确定结论。"
"中国科学技术大学","985 / 211,985,211,双一流,合肥,火灾爆炸,安全科学","安徽合肥","火灾爆炸动力学与安全科学高相关。","关注火灾科学、爆炸动力学及高精尖科研的学生。
希望在安全科学与工程领域继续读研深造的学生。","中国科学技术大学在火灾爆炸与安全科学研究及安全工程培养方向上具备深厚底蕴。不属于直接开设弹药工程本科的学校，但其研究生方向、国家重点平台等在爆炸、冲击、工业防爆领域高相关，适合作为优质考研与跨考参考。","https://www.ustc.edu.cn/","未开设弹药工程与爆炸技术本科专业，以安全工程及考研方向高相关报考。
火灾与爆炸动力学课程不作为本科弹药工程对应，主要面向高水平研招。
分省招生人数和各省位次需按招生章程核对。"
"内蒙古科技大学","普通本科,普通本科,双一流,区域特色,工科强校","内蒙古包头","工科为主，稀土冶金材料等特色领域，含安全与工程相关专业","对稀土、冶金、矿业感兴趣的工科学生
注重工程实践与产业融合的考生
想在内蒙古或西北就业的普通本科生
具有扎实力学或安全工程基础背景","内蒙古科技大学为普通本科院校，位于内蒙古包头，工科强校以稀土冶金矿业为特色，在安全科学与工程及机械领域设有相关专业或方向。弹药工程与爆炸技术等专业虽未见招生目录明确列出，但学校曾举办爆破工程研讨会及有教师背景关联，关联为中低。学校层次普通本科（非985/211），招生专业涵盖工科，特色鲜明但非国防重点。就业信号来自学校报告：制造业占比高，就业落实率约90%。考生需谨慎核对专业名称变化、招生省份及分数线。风险点包括专业可能调整、数据不够细致。","https://www.imust.edu.cn/","弹药工程与爆炸技术等专业未在招生专业目录明确列出
专业名称可能随学院调整或停招
分数线与就业数据需按省份及最新报告核实
招生省份限制待官方确认"
"北京石油化工学院","普通本科,普通本科,北京,安全工程,危化品安全,应急管理","北京北京","危化品安全、城市安全和应急管理近相关。","关注危险化学品安全、城市安全和应急管理的学生。
希望比较北京地区安全工程近相关院校的学生。","北京石油化工学院不属于弹药工程直接对应院校，但安全工程专业与城市公共安全、化学品安全和职业安全健康近相关。后续可作为危化品安全和城市安全候选人工确认，不能写成弹药工程本科招生。","https://www.bipt.edu.cn/","未确认开设弹药工程与爆炸技术本科专业。
研究方向和科研平台不能替代本科弹药专业证据。
分省计划、招生人数、录取分数和就业去向均需待核对。"
"北京科技大学","211,211,双一流,北京,安全工程,矿山安全","北京北京","矿山安全与工业防爆近相关。","关注工业防爆、矿山通风防尘及安全评价的学生。
希望在北京高校深造安全科学与工程的学生。","北京科技大学在矿山安全与undefined研究及安全工程培养方向上具备深厚底蕴。不属于直接开设弹药工程本科的学校，但其研究生方向、国家重点平台等在爆炸、冲击、工业防爆领域高相关，适合作为优质考研与跨考参考。","https://www.ustb.edu.cn/","无弹药工程本科专业，以安全工程近相关口径报考。
研究生方向包含火灾与爆炸灾害控制、工业系统风险评价。
录取位次和分省招生人数需按各省报考政策核对。"
"北京航空航天大学","985 / 211,985,211,北京,航空航天,探测制导","北京北京","航天探测制导和飞行器控制近相关。","关注航天探测制导、飞行器控制和国防科技的学生。
希望比较高层次航空航天类近相关院校的学生。","北京航空航天大学不属于弹药工程直接对应院校，但学校本科专业页、宇航学院和仪器光电学院可核到探测制导与控制技术等航天制导控制本科方向。后续可作为航天探测制导近相关候选人工确认，不能写成弹药工程本科招生。","https://www.buaa.edu.cn/","未确认开设弹药工程与爆炸技术本科专业。
探测制导与控制技术不能替代弹药工程本科证据。
分省计划、录取分数、招生人数和就业去向均需待核对。"
"华北科技学院","普通本科,应急管理部直属,安全工程,爆炸安全,应急技术,普通本科","河北燕郊","应急管理、煤炭安全、爆炸灾害防治与应急技术","对应急管理、煤炭安全感兴趣的学生
想从事爆炸灾害防治或安全工程的理工科生
接受准军事化实战培养的考生
注重就业与行业资源的普通本科生","华北科技学院（现称应急管理大学）是应急管理部直属普通本科高校，位于河北燕郊，办学定位服务大国应急管理。学校开设安全工程、应急技术与管理、化工安全等专业，特色培养在爆炸安全、灾害防治与应急技术方向，与弹药工程与爆炸技术、爆炸力学、含能材料、安全工程等高度关联。招生面向全国，采取专业志愿优先录取；就业以安全工程相关单位为主，升学方向为研究生。待核对专业目录变化与省份限制。","https://www.ncist.edu.cn/","专业名称可能随应急管理大学筹建调整
招生省份限制存在，需核对各省最新计划
安全工程专业分志愿优先不设级差
爆炸相关专业关联需通过安全/应急技术方向实现"
"南京工业大学","普通本科,普通本科,南京,安全工程,消防工程,化工安全","江苏南京","化工安全、安全工程和消防工程近相关。","关注化工安全、危险化学品安全和消防工程的学生。
希望比较江苏地区安全工程近相关院校的学生。","南京工业大学不属于弹药工程直接对应院校，但安全工程、消防工程和化工安全工程方向与危险化学品安全、燃烧爆炸理论近相关。后续只能写安全工程近相关，不写弹药本科结论。","https://www.njtech.edu.cn/","未确认开设弹药工程与爆炸技术本科专业。
研究生方向和学科评估不能替代本科专业证据。
分省计划、招生人数、录取分数和就业去向均需待核对。"
"南京理工大学","211,211,双一流,南京,兵器相关,弹药工程","江苏南京","兵器、弹药、爆炸相关方向有官方专业入口。","关注兵器、弹药、爆炸技术相关本科专业的学生。
希望通过官方招生网核对专业介绍和分省计划的学生。","南京理工大学本科招生网有兵器类（弹药工程与爆炸技术）专业介绍，2026年招生章程也已发布，专业方向与弹药、爆炸技术和兵器科学相关。报考时仍需按省份核对当年招生计划、专业组、录取分数和就业报告。","https://www.njust.edu.cn/","弹药工程与爆炸技术专业介绍页面较早，报考前需核对当年招生计划。
分省计划、专业组、录取分数和选科要求要以当年招生网及省招办公布为准。
就业去向和升学数据需回到学校官方就业质量报告逐项复核。"
"南京航空航天大学","211,211,双一流,南京,航空航天,探测制导","江苏南京","航空航天探测制导和控制近相关。","关注航空航天制导、飞行控制和国防科技的学生。
希望比较工信部航空航天类近相关院校的学生。","南京航空航天大学不属于弹药工程直接对应院校，但本科招生网、2026招生章程和自动化学院页面可核到探测制导与控制技术等航空航天制导控制本科方向。后续可作为航空航天制导控制近相关候选人工确认，不能写成弹药工程本科招生。","https://www.nuaa.edu.cn/","未确认开设弹药工程与爆炸技术本科专业。
探测制导与控制技术属于近相关，不能写成弹药本科。
分省计划、录取分数、招生人数和就业去向均需待核对。"
"哈尔滨工业大学","985 / 211,985,双一流,工科强校,哈尔滨,材料化学","黑龙江哈尔滨","工科强校，以材料科学与工程、化学工程与工艺为核心，含能材料方向依托化工学院研究","高分理工考生想读顶尖工科强校
对材料、化学或能源感兴趣的学生
计划深造或从事相关科研领域
追求创新与实战结合的教育环境","哈尔滨工业大学（哈工大）作为中国顶尖工科强校，拥有化工与化学学院及材料科学与工程学院，可通过化学工程与工艺、新能源材料与器件或材料相关专业培养，培养目标涉及含能材料研究与爆炸相关领域。学校与弹药工程与爆炸技术方向存在高层次科研关联（如航空弹药研究院合作、含能材料博士方向），但未在本科招生专业目录中发现直接对应专业，学生需通过相关专业报考或转研。学校层次为985/211，位于哈尔滨，优势在于材料与化学领域创新能力强。就业方向多指向科研院所、军工企业或化工行业，升学以研究生为主。总体关联性中，适合对含能材料、材料科学有兴趣的理工背景学生，但需注意专业对口性。","https://www.hit.edu.cn","无直接弹药工程与爆炸技术或兵器科学与技术本科专业，需通过材料或化学相关专业报考
爆炸相关方向主要在研究生阶段或含能材料研究
需按报考省份核对最新招生计划和分数线
就业数据需结合就业报告详细查询"
"哈尔滨工程大学","211,211,双一流,哈尔滨,国防特色,装备方向","黑龙江哈尔滨","船海、核、航天等国防装备方向相关。","关注国防装备、船海工程、核安全或航天工程方向的学生。
希望通过招生网逐项核对专业大类和学院入口的学生。","哈尔滨工程大学的国防装备、船海、核和航天方向与军工装备场景相关，但本草稿不把弹药工程与爆炸技术写成本科招生事实。适合先看装备、力学和安全相关入口，再按招生网核对当年专业大类、计划和录取数据。","https://www.hrbeu.edu.cn/","未把弹药工程与爆炸技术写成本科招生事实，需以当年招生计划为准。
国防特色不等于所有专业都对口弹药或爆炸方向。
分省计划、选科要求、录取分数和就业去向需逐年复查。"
"国防科技大学","985 / 211,985,211,双一流,军校,武器系统","湖南长沙","武器系统、导弹工程和信息对抗近相关。","关注武器系统、导弹工程和国防科技方向的学生。
能接受军校政治考核、体检和服役要求的学生。","国防科技大学不属于弹药工程直接对应院校，但本科招生网和理学院页面可核到武器系统与工程，选考科目页面还列出导弹工程、信息对抗技术等方向。可作为军工装备强近相关院校，军校招生计划、体检政审和分省录取均需待核对。","https://www.nudt.edu.cn/","军校招生口径特殊，须以当年本科招生网、招生计划和省级招办信息为准。
武器系统与工程不能写成弹药工程与爆炸技术本科。
分数线、招生人数、就业去向和服役安排均需按官方年度材料复核。"
"大连理工大学","985 / 211,985,双一流,力学,化工,军工","辽宁大连","力学、化学工程与技术等工科强势学科，力学为一级国家重点学科，化学工程与技术为首批国家重点学科","对力学、爆炸力学等基础学科感兴趣的学生
关注化工、含能材料方向的高年级生
追求深厚理论与工程应用结合的复合型人才","大连理工大学为国家985/211重点大学，核心优势学科包括力学（一级国家重点）和化学工程与技术（首批国家重点），力学与航空航天学院和化工学院提供相关理论基础，但未见本科专业直接设置弹药工程与爆炸技术、兵器科学与技术或爆炸力学等方向。安全科学与工程为研究生专硕，含能材料研究活跃（师生赴兵器所交流）。就业率高但去向较泛，军工、化工、航空航天为主。报考风险主要在专业名称变化及招生限制，建议查当年专业目录和招生计划。总体关联为中高层级，适合对基础力学或化工方向有兴趣的学生。","https://www.dlut.edu.cn/","力学、化学工程与技术为优势学科，但爆炸技术具体方向未见本科独立招生
安全工程为专硕，可关注就业方向
学科变化及招生省份限制需按当年专业目录核对
就业数据需查学校最新质量报告，具体去向较泛"
"太原工业学院","普通本科,应用型本科,省属高校,山西省,国防传统,安全工程","山西省太原市","应用型本科，工科为主，历史传承兵工传统，注重产教融合","对应用型工科感兴趣的理工学生
关注安全与应急领域专业的人
想在山西省发展且重视就业与实践的学生
喜欢机械工程或相关交叉学科的考生","太原工业学院为山西省普通本科应用型高校，创建于1954年，历史上有国防工业背景（兵工传统），但当前专业目录中未见弹药工程与爆炸技术、兵器科学与技术等方向；主要涉及机械、材料、环境与安全工程等。适合关注安全工程、应急技术及机械交叉领域的学生，但专业关联性较低。就业信号一般，招生面向全国部分省份，需核对当年分数线与计划。资料主要来源于学校官网及招生办页面，数据更新至2026年，核心事实可靠但具体专业支撑不足。","https://www.tit.edu.cn/","专业名称可能随年份调整，需以当年招生目录为准
招生省份有限，具体分数线需省份核对
就业数据较粗，未见精确炸药/兵器方向去向统计
无国家211/985认定，属普通本科"
"太原理工大学","211,211,双一流,太原,安全工程,力学线索","山西太原","安全工程、力学和能源工程方向需核对。","关注安全工程、力学、能源工程和山西区域资源的学生。
希望在211层次内对比安全与工程方向的学生。","太原理工大学可作为211层次内安全工程、力学和能源工程方向的对比院校。本条不把力学、能源或安全平台写成弹药本科专业，报考前应通过本科招生网、教务入口和就业信息网核对专业、计划、录取和就业材料。","https://www.tyut.edu.cn/","本条不确认弹药工程与爆炸技术本科招生，需查当年计划。
力学和安全方向多为相关线索，不能替代本科专业证据。
分省计划、录取分数和就业去向需逐年核对。"
"安徽理工大学","普通本科,普通本科,淮南,安全工程,弹药工程,民爆相关","安徽淮南","安全工程、弹药工程与爆炸技术等方向相关。","关注安全工程、爆破工程或特种能源材料工程应用的学生。
希望了解民爆、化工安全及应急管理相关去向的学生。","安徽理工大学在安全工程、弹药工程与爆炸技术等方向有辨识度，适合关注民爆、应急安全和工程应用的学生。报考时应以本科招生网核对分省计划、专业名称和录取数据；就业数据需以学校官方最新报告为准。","https://www.aust.edu.cn","需要区分弹药工程与爆炸技术、安全工程等专业在培养方向和就业场景上的差异。
部分现场类岗位或野外爆破作业对身体素质、性别或工作环境有特定要求，应提前了解。
报考前需通过官方招生网核对各省最新招生专业、分省计划和录取数据。"
"山东石油化工学院","普通本科,化工特色,省属本科,石油化工,普通本科,双一流","山东省东营市","石油化工特色为主，化学工程与工艺为主导专业方向","石油化工、化工安全等领域有兴趣的学生
喜欢化工工艺设计与应用的研究生
希望留在东营或山东从事能源化工的考生
重视应用型人才培养的本科生","山东石油化工学院为山东省东营市普通本科高校，化学工程学院是核心学院，开设化学工程与工艺、化工安全工程等专业，侧重石油化工化工工艺与安全领域。学校层次为普通本科，无弹药工程与爆炸技术等专业开设记录，学生需自行核对招生目录。就业主要在石油化工及相关行业，来源为官网及学院公开宣传。报考风险包括专业名称可能变化、分数线需省份核对、就业数据粗略。可靠来源为学校官网及化学工程学院官网。","https://www.sdipct.edu.cn/","专业名称可能随年份调整，建议查招生目录确认
面向全国招生，但需按省份核对分数线和计划
就业主要在石油化工领域，数据较粗略
化工安全工程等专业关联有限，非专业核心方向"
"山东科技大学","普通本科,普通本科,青岛,安全工程,矿业安全,工程技术","山东青岛","安全工程、矿业安全和工程技术方向相关。","关注安全工程、矿业安全、工程技术和山东区域资源的学生。
希望对比普通本科安全类院校和就业区域的学生。","山东科技大学与安全工程、矿业安全和工程技术方向相关，可作为安全类和矿业类普通本科院校对比。本条只保留工程安全线索，不把爆破或爆炸相关内容写成本科弹药专业。招生、录取和就业去向需查官方年度材料。","https://www.sdust.edu.cn/","爆破或爆炸技术相关内容需按专业介绍和培养方案核对。
分省计划、专业组、选科要求和录取分数以当年招生网为准。
就业去向和就业率未逐项官方核验前只作待核对。"
"常州大学","普通本科,普通本科,江苏,安全工程,消防工程,化工安全","江苏常州","石油化工安全和安全工程近相关。","关注石油化工安全、安全评价和应急管理的学生。
希望把安全工程作为弹药爆炸方向相邻参考的学生。","常州大学与弹药工程不属于直接对应关系，但安全工程、消防工程和应急技术与管理方向与化工安全、火灾爆炸风险防控近相关。后续若进入人工确认，应只写近相关，不写弹药本科结论。","https://www.cczu.edu.cn/","未确认开设弹药工程与爆炸技术本科专业。
分省计划、招生人数和录取分数需按当年招生网核对。
就业率和就业去向未逐项核验前只能写待核对。"
"广东石油化工学院","普通本科,石油化工特色,应用型本科,广东省共建,能源安全,安全工程专业","广东省茂名市","石油化工特色应用型大学，能源与动力工程学院开设安全工程专业，涵盖化工安全、燃烧爆炸学等方向","对石油化工产业感兴趣的学生
希望从事化工安全、爆炸风险管理的工作群体
偏好应用型工程教育的本科生
关注能源与安全领域的专业","广东石油化工学院是广东省人民政府与中石化等共建的普通本科高校，定位为应用型理工科大学，石油化工特色突出。能源与动力工程学院设有安全工程专业，培养石化安全人才。燃烧爆炸学课程与爆炸力学、含能材料有一定知识交叉，但未见弹药工程与爆炸技术、兵器科学与技术等专业本科入口。学校在全国招生，面向全国29个省份。就业主要指向石油化工、能源安全及相关行业，升学方向为硕士。专业与用户目标关联性中等，仅安全工程方向有工程安全侧重。","https://www.gdupt.edu.cn/","安全工程专业非弹药工程与爆炸技术本科专业入口
本科招生面向全国招生省份，具体分数线需按省份核对
就业数据主要为年度报告摘要，需参考具体专业
专业名称可能随学校调整，招生前查官网最新"
"应急管理大学","普通本科,普通本科,应急管理,安全工程,化工安全,矿山安全","河北廊坊","安全工程、应急管理和化工安全近相关。","关注安全工程、应急技术与管理和化工安全的学生。
希望比较应急管理部直属安全类院校的学生。","应急管理大学不属于弹药工程直接对应院校，但安全工程、应急技术与管理、化工安全和矿山安全方向与爆炸灾害防治近相关。因学校为新设，后续必须按最新官方招生章程核对专业口径。","https://www.ncist.edu.cn/","新设学校招生口径需按当年官方章程核对。
未确认开设弹药工程与爆炸技术本科专业。
分省计划、招生人数、录取分数和就业去向均需待核对。"
"昆明理工大学","普通本科,普通本科,昆明,安全工程,应急管理,防灾减灾","云南昆明","安全工程、应急管理和防灾方向相关。","关注安全工程、应急管理、防灾减灾和区域工程场景的学生。
希望比较西南地区安全类普通本科院校的学生。","昆明理工大学与安全工程、应急管理和防灾减灾方向相关，可作为西南地区安全类院校对比。本条不把安全工程写成弹药或爆炸技术本科专业，招生计划、录取数据和就业去向仍需通过官方入口逐项核对。","https://www.kmust.edu.cn/","本条不确认弹药工程与爆炸技术本科招生，需查当年计划。
安全工程和应急管理不能直接等同于爆炸或弹药方向。
分省计划、录取分数和就业去向需回到官方年度材料。"
"武汉工程大学","普通本科,湖北省重点建设高校,湖北省国内双一流建设高校,化工与机电优势学科,化工类与机械类专业,普通本科","湖北武汉","以工为主、化工与机电为特色，覆盖工理管经文法医等九大学科门类","对化工、机械、材料相关领域感兴趣的学生
希望通过工程教育认证专业提升就业竞争力者
对资源安全、应急管理方向感兴趣的考生","武汉工程大学与弹药工程与爆炸技术、兵器科学与技术、爆炸力学等方向关联有限，仅通过化工与机电学院的化工类（化学工程与技术）和资源与安全工程学院的安全工程、应急技术与管理等相关专业存在交叉。学校为普通本科层次，学科优势在化学工程与技术（B+），专业特色聚焦化工、机械、资源安全等领域。招生面向全国本科，适合对工程技术、资源管理感兴趣的学生。就业以协议就业、研究生为主，但具体数据需查阅最新报告。报考风险包括专业可能调整、招生省份限制及就业数据不够细。可靠来源包括学校官网、信息公开网和学院官网。","https://www.wit.edu.cn/","专业名称可能随学科调整而变化
招生省份限制需按当年招生计划核对
具体分数线和招生人数需按省份招生目录核对
就业数据不够细致，需查阅最新报告"
"武汉理工大学","211,211,双一流,安全工程,应急管理,交通行业","湖北武汉","安全工程与应急管理为主，关联爆炸力学、含能材料、兵器科学与技术等方向","对安全与应急感兴趣的学生
理工类专业想从事相关行业的考生
偏好交通、能源领域发展的学生","武汉理工大学作为211双一流高校，在安全工程与应急管理领域有突出特色，安全科学与应急管理学院负责相关本科教育。该院及学校存在与爆炸力学、含能材料、兵器科学与技术等方向的公开关联信号（如安全相关讲座、研究方向），但未见独立弹药工程与爆炸技术专业。学校依托交通、能源等行业优势，毕业生就业主要去向包括建材建工、交通、汽车领域及战略新兴产业。报考时需注意专业名称变化、招生省份限制及就业数据细致程度。","https://www.whut.edu.cn/","部分专业可能有招生省份限制
爆炸相关领域需核对专业名称与培养方向
就业数据以官方报告为准"
"武汉科技大学","普通本科,双一流,湖北省重点高校,资源环境特色,安全工程相关","湖北省武汉","资源与环境工程学院下设安全科学与工程系，侧重矿山安全、职业健康、应急管理及工业安全等领域","有矿业或资源类背景考生
关注工业安全与职业健康的理工学生
想在应急管理或矿山安全领域发展的
偏好普通本科高质量工程教育的","武汉科技大学为普通本科高校，位于武汉，资源与环境工程学院设有安全科学与工程专业（国家级+省级一流本科），与安全工程、爆破工程、爆炸力学、含能材料等方向高度关联，可覆盖学生报考兴趣；但专业名称未与弹药工程与爆炸技术完全匹配，招生信息存在省份限制，具体去向及数据待更细核对。学校非985/211，属于湖北省双一流建设高校，适合理工背景考生，风险主要在专业匹配及招生政策。总体关联中，安全方向可靠，弹药类待确认。","https://www.wust.edu.cn/","专业隶属资源与环境工程学院，具体招生计划按省份核对
无弹药工程与爆炸技术专业
安全工程为国家级+省级一流本科专业
招生省份及分数线待省份官方核对"
"沈阳化工大学","普通本科,普通本科,沈阳,化工安全,安全工程,应急管理","辽宁沈阳","化工安全、安全工程和防火防爆近相关。","关注化工过程安全、防火防爆和应急管理的学生。
希望比较辽宁地区化工安全近相关院校的学生。","沈阳化工大学不属于弹药工程直接对应院校，但安全工程专业以化工安全为特色，涉及防火防爆、化工过程安全和职业卫生等近相关内容。后续只能写近相关，不写弹药本科结论或就业强结论。","https://www.syuct.edu.cn/","未确认开设弹药工程与爆炸技术本科专业。
raw 包双一流口径需删除，正式层次写普通本科。
分省计划、录取数据和就业去向需按官方年度材料核对。"
"沈阳工学院","普通本科,普通本科,民办本科,抚顺,兵器类,弹药工程","辽宁抚顺","弹药工程、特种能源和兵器类本科。","关注弹药工程与爆炸技术本科专业的学生。
关注特种能源、含能材料和工程爆破应用的学生。","沈阳工学院属于本批少数可确认直接相关的候选。2026年招生章程列出弹药工程与爆炸技术、特种能源技术与工程本科专业，招生网和学院页也有兵器类专业介绍。后续可进入人工确认，但分省计划、录取分数和就业去向必须另查官方年度材料。","https://www.situ.edu.cn/","民办本科，学费和办学成本需按当年招生章程核对。
招生计划、分省专业组、录取分数和选科要求需按省份复核。
就业率、薪资和就业单位只能作为待核对线索，不能写成稳定承诺。"
"沈阳航空航天大学","普通本科,普通本科,沈阳,航空航天,安全工程,消防工程","辽宁沈阳","航空安全、消防工程和火爆防控近相关。","关注航空安全、消防工程和风险评估的学生。
希望比较航空特色安全工程院校的学生。","沈阳航空航天大学不属于弹药工程直接对应院校，但安全工程、消防工程和航空安全方向与火灾爆炸防控近相关。raw 包中的 211 和双一流口径应删除，后续只能写普通本科近相关。","https://www.sau.edu.cn/","未确认开设弹药工程与爆炸技术本科专业。
学校不是 211，不能沿用 raw 包里的 211 口径。
分省计划、录取数据和就业去向需按官方年度材料核对。"
"河北科技大学","普通本科,双一流,省属重点高校,工学强校,国防共建,材料化工","河北石家庄","工学为主，服务区域产业与国防科技","对工学、材料、机械感兴趣的学生
关注国防科技与安全工程方向者
追求区域产业就业的考生
希望通过专业交叉发展职业能力者","河北科技大学为河北省人民政府与国防科技工业局共建的普通本科高校，位于石家庄，工学特色鲜明。学校设有21个学院，涵盖材料科学与工程、机械工程、化学与制药工程、环境科学与工程等专业，现有9个省级重点学科。公开来源未见弹药工程与爆炸技术、兵器科学与技术等专业本科招生目录或学院具体页面，相关学科仅见硕士授权与教师信息。学校与国防科技有共建背景，但未确认该专业在当前招生体系中的位置。适合对工学、材料、机械、安全感兴趣的学生，报考时需核对省份分数线与专业归属。总体层次为普通本科，非985/211，适合注重区域就业与产业对接的考生。风险包括专业名称变更、招生限制及就业数据不细。","https://www.hebust.edu.cn/","专业名称与当前目录可能存在调整
本科招生省份限制需确认
就业数据需按具体专业省份核对
未见公开的弹药工程与爆炸技术专业具体招生计划"
"河南理工大学","普通本科,普通本科,焦作,安全工程,矿业安全,灾害防控","河南焦作","安全工程、矿业安全和灾害防控方向相关。","关注安全工程、矿山安全、灾害防控和工程管理的学生。
希望在中部地区比较安全类工科院校的学生。","河南理工大学与安全工程、矿业安全、灾害防控和应急管理方向关联较明确，适合作为安全类工科院校对比。本条不把研究方向或行业场景写成本科弹药专业，具体招生专业、计划、录取和就业去向仍需查官方年度材料。","https://www.hpu.edu.cn/","爆破或爆炸相关内容需回到专业介绍和培养方案核对。
分省招生计划、录取分数和选科要求以当年招生网为准。
就业率和具体去向未逐项核验前只作待核对。"
"浙江海洋大学","普通本科,海洋类,石油化工,安全工程,环境科学,双一流","浙江舟山","依托油气储运与海洋资源，培养油气安全与环境领域应用型人才","对油气安全与环境工程感兴趣的学生
海洋资源相关专业背景考生
关注升学与就业的普通本科生","浙江海洋大学石油化工与环境学院设安全工程专业，依托油气储运与临港特色，培养安全、环境领域人才。学校为普通本科海洋类高校，无弹药工程或兵器科学与技术专业开放招生信号。适合关注海洋资源、油气安全与环境的学生。报考时需核对当年专业名称变化与省份限制，数据来源为学校官网与招生网，具体分数线与就业单位待核对。","https://www.zjou.edu.cn/","安全工程专业位于石油化工与环境学院，非弹药类专业
专业名称可能随目录调整
招生省份与分数线每年变化，需核对
就业数据以学院报告为准，具体单位待核对"
"海军工程大学","普通本科,军校,武汉,武器系统,水中兵器,海军装备","湖北武汉","舰艇武器系统和水中兵器近相关。","关注舰艇武器系统、水中兵器和海军装备方向的学生。
能接受军校政治考核、体检和服役要求的学生。","海军工程大学不属于弹药工程直接对应院校，但官方专业页列出 082101 武器系统与工程，本科学制四年，培养舰艇水中兵器初级技术军官。可作为海军装备和水中兵器强近相关院校，分省计划、体检政审和录取口径需待核对。","https://www.nue.edu.cn/","军校招生政策、体检标准和分省计划必须按当年官方入口核对。
武器系统与工程属于兵器强近相关，不能写成弹药工程本科。
录取分数、招生人数和毕业去向均需保留待核对边界。"
"湖南科技大学","普通本科,普通本科,双一流,国防特色,安全工程,应急管理","湖南省湘潭市","依托资源环境与安全工程学院开设安全工程、应急技术与管理等安全专业，国防特色学科支撑兵器与爆炸领域基础。","安全与应急领域本科生
国防科技感兴趣学生
关注安全工程与爆破技术的考生","湖南科技大学为普通本科，属于省部共建高校，资源环境与安全工程学院设有安全工程和应急技术与管理等专业，国防特色学科存在。但无弹药工程与爆炸技术或兵器科学与技术本科专业。该校与相关方向有间接关联，通过安全工程培养途径提供基础知识和实践能力。招生省份需具体核对，专业名称可能调整，适合关注安全、应急与国防科技的学生。核心来源为学校官网及学院页面。","https://www.hnust.edu.cn/","专业名称可能变动
招生省份限制需核对
分数线按省份具体发布
就业数据不够细致"
"西北工业大学","985 / 211,985,211,双一流,西安,三航特色","陕西西安","航空、航天、航海和国防装备方向相关。","关注国防装备、飞行器、航天和工程力学方向的学生。
目标较高，愿意按招生网核对专业大类和录取位次的学生。","西北工业大学的航空、航天、航海和国防装备方向与军工装备场景相关。草稿只把这些作为专业关联线索，不写成弹药工程本科招生事实。报考时应先查本科招生网，再按省份核对专业大类、计划、录取位次和就业报告。","https://www.nwpu.edu.cn/","本条不确认弹药工程与爆炸技术本科招生，需查当年专业计划。
三航特色和军工背景不能直接等同于弹药或爆炸专业。
分省计划、专业组、选科要求和就业报告需逐年核对。"
"西南科技大学","普通本科,普通本科,绵阳,国防科工共建,材料方向,安全方向","四川绵阳","国防科工共建、材料与安全方向有线索。","关注材料、安全工程、军民融合区域资源的学生。
希望在绵阳及西南区域对比工科院校的学生。","西南科技大学可作为材料、安全工程和国防科工共建背景的对比院校，但草稿不把这些线索写成弹药或爆炸技术本科招生事实。报考前应以本科招生网、教务入口和官方年度报告核对专业名称、分省计划和就业去向。","https://www.swust.edu.cn/","本条不确认弹药工程与爆炸技术本科招生，须查当年计划。
国防科工共建背景只能作为学校关联线索，不能当成专业证据。
分省计划、录取分数和就业去向需回到官方年度材料核对。"
"西安科技大学","普通本科,普通本科,西安,安全工程,消防工程,应急管理","陕西西安","矿山安全、消防工程和应急管理近相关。","关注矿山安全、消防工程和应急技术的学生。
希望比较安全科学与工程特色院校的学生。","西安科技大学不属于弹药工程直接对应院校，但安全工程、消防工程、应急技术与管理方向与矿山安全、火灾防控和工业安全近相关。后续清洗时应保留边界，不写弹药本科结论或就业强结论。","https://www.xust.edu.cn/","未确认开设弹药工程与爆炸技术本科专业。
安全学科实力不能替代本科弹药专业证据。
分省计划、录取分数和就业去向需按官方年度材料核对。"
"辽宁工程技术大学","普通本科,普通本科,阜新,安全工程,矿业安全,爆破线索","辽宁阜新","安全工程、矿业安全和工程爆破方向相关。","关注安全工程、矿山安全、工程爆破和现场工程场景的学生。
希望比较东北地区矿业与安全类院校的学生。","辽宁工程技术大学与安全工程、矿业安全、工程力学和工程爆破场景关联较强，适合作为安全与爆破工程方向的对比院校。本条不把爆破研究或工程场景写成本科招生专业，具体专业、计划、录取和就业去向仍需查官方年度材料。","https://www.lntu.edu.cn/","爆破方向多为工程场景或研究线索，不能替代本科专业证据。
分省招生计划、录取分数和选科要求需以当年招生网为准。
现场类方向可能涉及艰苦环境，应提前核对培养和就业场景。"
"辽宁石油化工大学","普通本科,石油化工,化工安全工程,安全工程,普通本科,双一流","辽宁抚顺","石油化工特色，化工安全工程为主，安全与环境领域交叉融合培养","石油化工行业安全领域感兴趣的学生
希望在石化产业就业的工科学生
偏好辽宁本地或石化相关就业方向的考生","辽宁石油化工大学为辽宁省普通本科院校，位于抚顺，石油化工特色明显。环境与安全工程学院开设化工安全工程、安全工程等专业，核心课程包括防火防爆技术等，突出石油化工行业安全领域。未开设弹药工程与爆炸技术、兵器科学与技术、爆炸力学、含能材料、爆破工程等专业，此类方向考生无直接匹配培养计划。学校层次为普通本科，学院入口为环境与安全工程学院。就业以石油化工安全人才为主，升学方向为研究生。报考风险包括专业名称可能变化、招生省份限制、分数线需核对、就业数据不够细。可靠来源为学校官网、学院官网及招生办公开页面。","https://www.lnpu.edu.cn/","弹药工程与爆炸技术专业未开设，需转入安全工程或相关领域
招生省份限制待核对
就业数据不够细
分数线需按省份核对"
"重庆大学","985 / 211,双一流,985,211,工科,工程","重庆重庆市","工科为主、多学科协调发展，力学、机械与安全相关领域研究","对力学、机械、材料感兴趣的工科学生
关注安全工程与资源领域的学生
寻求爆炸与冲击相关研究方向的学生","重庆大学与弹药工程与爆炸技术、兵器科学与技术、爆炸力学、含能材料、安全工程、爆破工程等方向存在中等关联，主要通过力学、机械与资源与安全学院体现。力学学科在全国评估中属于A-级，机械工程A-级，资源与安全学院开设安全工程本科（一级学科安全科学与工程），航空航天学院教师研究爆炸与冲击动力学、含能材料。学校层次为985/211，城市重庆。无独立本科专业直接匹配‘弹药工程与爆炸技术’，但相关研究与学院设置可作为报考参考。就业质量报告显示本科去向落实率85-87%，多流向国企央企、科研院所。报考风险包括专业名称变化、招生省份限制需核对、就业数据不够细致具体。","https://www.cqu.edu.cn/","专业名称与学院调整可能发生
本科招生省份限制需核对
就业数据多为学院级汇总
具体专业招生分数线需按省份查招生网"
"重庆科技大学","普通本科,普通本科,重庆,安全工程,消防工程,化工安全","重庆重庆","安全工程、防火防爆和应急方向近相关。","关注安全生产、防火防爆、消防工程和应急管理的学生。
希望在应用型本科中比较安全工程方向的学生。","重庆科技大学不属于弹药工程直接对应院校，但安全工程、消防工程、化工安全工程和应急技术与管理方向与防火防爆、化工安全近相关。后续清洗时应保留边界，不写弹药本科结论。","https://www.cqust.edu.cn/","未确认开设弹药工程与爆炸技术本科专业。
本科招生计划、专业组和录取分数需按当年招生网核对。
就业去向和就业率未逐项核验前只能写待核对。"
"长春理工大学","普通本科,普通本科,长春,光电特色,兵器类,探测制导","吉林长春","探测制导、信息对抗和光电国防方向。","关注探测制导、信息对抗和光电国防方向的学生。
希望比较兵器类近相关本科院校的学生。","长春理工大学不属于弹药工程直接对应院校，但本科招生网和光电工程学院页面可核到探测制导与控制技术、信息对抗技术等兵器类近相关专业。后续可作为光电国防和探测制导方向候选人工确认，不能写成弹药工程本科招生。","https://www.cust.edu.cn/","未确认开设弹药工程与爆炸技术本科专业。
探测制导和信息对抗属于兵器类近相关，不能写成弹药本科。
分省计划、录取分数、招生人数和就业去向均需待核对。"
"青岛科技大学","普通本科,普通本科,青岛,安全工程,化工安全,应急管理","山东青岛","化工安全、安全工程和应急方向近相关。","关注化工安全、安全生产和应急管理的学生。
希望比较山东地区安全工程近相关院校的学生。","青岛科技大学不属于弹药工程直接对应院校，但安全工程和应急技术与管理方向与化工安全、危险化学品事故应急近相关。raw 包相关性偏高，clean 草稿已降为中相关。","https://www.qust.edu.cn/","未确认开设弹药工程与爆炸技术本科专业。
raw 包相关性写高，清洗时应降为中。
分省计划、录取数据和就业去向需按官方年度材料核对。"
"黑龙江科技大学","普通本科,普通本科,双一流,安全工程,应用型","黑龙江哈尔滨","以安全科学与工程为主的应急管理特色学科，服务煤炭工业与安全生产","对安全工程、应急管理或煤炭相关感兴趣的应用型学生
希望在省内就业、侧重实践的本科生
对爆破工程等国防/民用方向有兴趣但专业不直接匹配的学生","黑龙江科技大学为省属普通本科高校，以矿业工程及安全科学与工程特色为主，位于哈尔滨。安全工程学院开设安全工程专业（国家一流建设点），该专业与安全工程、应急管理方向关联紧密，但未见弹药工程与爆炸技术、兵器科学与技术等专业开设。学校层次为普通本科，学科评估中安全科学与工程为C类。招生主要限于黑龙江省，学生可通过安全工程学院了解培养方向与就业信号。整体对安全、应急领域学生适合，但与用户目标方向（如弹药工程）匹配度低。招生计划及就业数据有待核对最新报告。","https://usth.edu.cn/","安全工程专业为省级特色，非弹药工程与爆炸技术专业
招生省份限制明显，省外考生需核实计划
专业名称及培养方向无重大变化，待核对具体招生计划
就业数据整体省内领先，但具体行业去向待核对报告"
